{"misc":{"restarts":41,"tps_count":287871,"tps":19.999930524677826,"age":14376,"unique_players":1,"sessions":74,"commands_used":59},"world":{"chunks_generated":125,"chunk_revisits":1610},"player":{"max_speed":44.018753049135654,"max_dist":731.3596852588892,"break_abandon":25,"blocks_broken":229,"blocks_placed":32}}